aggregator,ic,t,p,bh_reject_q05,orient,mean_net,sharpe_net,annualized_turnover,breakeven_bps_per_side,beats_10bps,n,n_clusters
negative_share,-0.00543289267119222,-3.118941233894712,0.001815021575400871,True,-1.0,-0.0013354362497428097,-10.4248193747973,179.47911221776243,0.6248161477733559,False,512149,2264
decayed_state,0.0041635494017639735,2.2279205081374065,0.025885816342666103,False,1.0,-0.001247524164975013,-9.891719812417524,162.4362304043184,0.3230920592286269,False,512149,2264
median_continuous,0.0034720069715379063,2.022615872283579,0.04311276647769045,False,1.0,-0.0015291936811916928,-13.31051946656075,199.05347932493152,0.3202694831760093,False,512149,2264
attention_log_n,0.0032795029304896585,1.8094017038223071,0.07038861866663824,False,1.0,-0.0015127363598896747,-12.664568821586633,195.3961191738418,0.24521151433309513,False,512149,2264
trimmed_mean,0.0030180994292123677,1.7010541663691248,0.0889328163719771,False,1.0,-0.0015302000427536385,-12.983155506579983,197.71371758832444,0.2482636137360179,False,512149,2264
mean_continuous,0.002980090939795622,1.6795645159733206,0.09304207647576636,False,1.0,-0.0015307944610634232,-12.985370303711097,197.73107742498698,0.24533196269240826,False,512149,2264
mean_hard_label,0.002797720087952952,1.5765677980073534,0.11489500720196984,False,1.0,-0.001565650567631416,-11.461028363723365,203.2013245252484,0.2917969662620592,False,512149,2264
strongest_event,0.002706144744012609,1.5525129161765954,0.12053954462625872,False,1.0,-0.0015295032528759604,-12.837146473094915,194.98325362559416,0.11620709579367243,False,512145,2264
dispersion,-0.0014911474618767857,-0.9172969831705589,0.3589870378146094,False,-1.0,-0.0013907939521852189,-13.479715603209618,180.25820975824678,0.278387974097785,False,512149,2264
