signal,split,orient,threshold,outcome,ic,ic_se,ic_t,ic_p,ic_n,ic_n_clusters,n_sessions,position_mode,mean_net_exposure,mean_gross,mean_net,mean_turnover,annualized_turnover,sharpe_gross,sharpe_net,breakeven_bps_per_side,cost_bps_per_side_charged,bootstrap_net_mean,bootstrap_net_se,bootstrap_net_ci_low,bootstrap_net_ci_high,bootstrap_block_length,bootstrap_replications,bootstrap_seed,config,bh_reject_ic_q05,multiplicity_family
mean_hard_label,development,1.0,0.0,ar_open_h1,0.002797720087952952,0.0017745637653445862,1.5765677980073534,0.11489500720196984,512149,2264,2264,cs_rank,-7.848972441270944e-19,4.705835717214258e-05,-0.001565650567631416,0.8063544624017793,203.2013245252484,0.3444197346521157,-11.461028363723365,0.2917969662620592,10.0,-0.001565650567631416,4.7077815086698836e-05,-0.0016544239646462471,-0.0014720462292208871,5,999,20260731,"{'threshold': 0.0, 'cost_bps_per_side': 10.0, 'min_names': 2, 'annualization_periods': 252, 'bootstrap_block_length': 5, 'bootstrap_replications': 999, 'random_seed': 20260731, 'outcome': 'ar_open_h1', 'asset_return': 'ret_open_h1', 'position_mode': 'cs_rank'}",False,"nine aggregators × primary horizon h1; n-bin strata are descriptive, not additional family members"
mean_continuous,development,1.0,0.0,ar_open_h1,0.002980090939795622,0.0017743235889147349,1.6795645159733206,0.09304207647576636,512149,2264,2264,cs_rank,-1.3663150257590074e-18,3.849980421425126e-05,-0.0015307944610634232,0.7846471326388372,197.73107742498698,0.3265750201403729,-12.985370303711097,0.24533196269240826,10.0,-0.0015307944610634232,3.9833478599762784e-05,-0.0016044876269003558,-0.001447468672363177,5,999,20260731,"{'threshold': 0.0, 'cost_bps_per_side': 10.0, 'min_names': 2, 'annualization_periods': 252, 'bootstrap_block_length': 5, 'bootstrap_replications': 999, 'random_seed': 20260731, 'outcome': 'ar_open_h1', 'asset_return': 'ret_open_h1', 'position_mode': 'cs_rank'}",False,"nine aggregators × primary horizon h1; n-bin strata are descriptive, not additional family members"
median_continuous,development,1.0,0.0,ar_open_h1,0.0034720069715379063,0.0017165923688801728,2.022615872283579,0.04311276647769045,512149,2264,2264,cs_rank,-2.0777748126640822e-18,5.0595837260144644e-05,-0.0015291936811916928,0.7898947592259187,199.05347932493152,0.44019696697850924,-13.31051946656075,0.3202694831760093,10.0,-0.0015291936811916928,3.8459254754354275e-05,-0.001599878859354882,-0.0014455881821795078,5,999,20260731,"{'threshold': 0.0, 'cost_bps_per_side': 10.0, 'min_names': 2, 'annualization_periods': 252, 'bootstrap_block_length': 5, 'bootstrap_replications': 999, 'random_seed': 20260731, 'outcome': 'ar_open_h1', 'asset_return': 'ret_open_h1', 'position_mode': 'cs_rank'}",False,"nine aggregators × primary horizon h1; n-bin strata are descriptive, not additional family members"
trimmed_mean,development,1.0,0.0,ar_open_h1,0.0030180994292123677,0.0017742523952981796,1.7010541663691248,0.0889328163719771,512149,2264,2264,cs_rank,-1.4957105323869151e-18,3.895644604258723e-05,-0.0015302000427536385,0.7845782443981129,197.71371758832444,0.330518637205384,-12.983155506579983,0.2482636137360179,10.0,-0.0015302000427536385,3.9850597910202516e-05,-0.0016046228842787967,-0.001447325946265723,5,999,20260731,"{'threshold': 0.0, 'cost_bps_per_side': 10.0, 'min_names': 2, 'annualization_periods': 252, 'bootstrap_block_length': 5, 'bootstrap_replications': 999, 'random_seed': 20260731, 'outcome': 'ar_open_h1', 'asset_return': 'ret_open_h1', 'position_mode': 'cs_rank'}",False,"nine aggregators × primary horizon h1; n-bin strata are descriptive, not additional family members"
negative_share,development,-1.0,0.0,ar_open_h1,-0.00543289267119222,0.0017419028650334683,-3.118941233894712,0.001815021575400871,512149,2264,2264,cs_rank,-6.578003993489791e-19,8.900114881086047e-05,-0.0013354362497428097,0.712218699276835,179.47911221776243,0.6953606623326084,-10.4248193747973,0.6248161477733559,10.0,-0.0013354362497428097,4.24730820510008e-05,-0.0014127735127672054,-0.0012475803345960595,5,999,20260731,"{'threshold': 0.0, 'cost_bps_per_side': 10.0, 'min_names': 2, 'annualization_periods': 252, 'bootstrap_block_length': 5, 'bootstrap_replications': 999, 'random_seed': 20260731, 'outcome': 'ar_open_h1', 'asset_return': 'ret_open_h1', 'position_mode': 'cs_rank'}",True,"nine aggregators × primary horizon h1; n-bin strata are descriptive, not additional family members"
dispersion,development,-1.0,0.0,ar_open_h1,-0.0014911474618767857,0.0016255885381011082,-0.9172969831705589,0.3589870378146094,512149,2264,2264,cs_rank,-4.733040526300015e-18,3.982676018181896e-05,-0.0013907939521852189,0.715310356183519,180.25820975824678,0.3858376727164395,-13.479715603209618,0.278387974097785,10.0,-0.0013907939521852189,3.4833441235729543e-05,-0.0014535305817747928,-0.0013203264335908543,5,999,20260731,"{'threshold': 0.0, 'cost_bps_per_side': 10.0, 'min_names': 2, 'annualization_periods': 252, 'bootstrap_block_length': 5, 'bootstrap_replications': 999, 'random_seed': 20260731, 'outcome': 'ar_open_h1', 'asset_return': 'ret_open_h1', 'position_mode': 'cs_rank'}",False,"nine aggregators × primary horizon h1; n-bin strata are descriptive, not additional family members"
strongest_event,development,1.0,0.0,ar_open_h1,0.002706144744012609,0.0017430739002655682,1.5525129161765954,0.12053954462625872,512145,2264,2264,cs_rank,-1.457770639668203e-18,1.798288700970742e-05,-0.0015295032528759604,0.7737430699428339,194.98325362559416,0.1511984670783467,-12.837146473094915,0.11620709579367243,10.0,-0.0015295032528759604,3.9641874727371525e-05,-0.001601657174909056,-0.0014479489553789917,5,999,20260731,"{'threshold': 0.0, 'cost_bps_per_side': 10.0, 'min_names': 2, 'annualization_periods': 252, 'bootstrap_block_length': 5, 'bootstrap_replications': 999, 'random_seed': 20260731, 'outcome': 'ar_open_h1', 'asset_return': 'ret_open_h1', 'position_mode': 'cs_rank'}",False,"nine aggregators × primary horizon h1; n-bin strata are descriptive, not additional family members"
attention_log_n,development,1.0,0.0,ar_open_h1,0.0032795029304896585,0.0018124791877678719,1.8094017038223071,0.07038861866663824,512149,2264,2264,cs_rank,-1.7102163884428204e-18,3.802649069637117e-05,-0.0015127363598896747,0.775381425293023,195.3961191738418,0.31848445281877025,-12.664568821586633,0.24521151433309513,10.0,-0.0015127363598896747,4.095509839591728e-05,-0.0015900053241000873,-0.0014273339056321268,5,999,20260731,"{'threshold': 0.0, 'cost_bps_per_side': 10.0, 'min_names': 2, 'annualization_periods': 252, 'bootstrap_block_length': 5, 'bootstrap_replications': 999, 'random_seed': 20260731, 'outcome': 'ar_open_h1', 'asset_return': 'ret_open_h1', 'position_mode': 'cs_rank'}",False,"nine aggregators × primary horizon h1; n-bin strata are descriptive, not additional family members"
decayed_state,development,1.0,0.0,ar_open_h1,0.0041635494017639735,0.0018688051869699776,2.2279205081374065,0.025885816342666103,512149,2264,2264,cs_rank,-2.2191185720320577e-18,4.165226680529121e-05,-0.001247524164975013,0.6445882158901524,162.4362304043184,0.33082651150235975,-9.891719812417524,0.3230920592286269,10.0,-0.001247524164975013,4.29192982723091e-05,-0.0013315528189676942,-0.0011558740028558485,5,999,20260731,"{'threshold': 0.0, 'cost_bps_per_side': 10.0, 'min_names': 2, 'annualization_periods': 252, 'bootstrap_block_length': 5, 'bootstrap_replications': 999, 'random_seed': 20260731, 'outcome': 'ar_open_h1', 'asset_return': 'ret_open_h1', 'position_mode': 'cs_rank'}",False,"nine aggregators × primary horizon h1; n-bin strata are descriptive, not additional family members"
