regime,class,story_count,story_share,total_stories
development,negative,198851,0.16795401199870605,1183961
development,neutral,710470,0.6000788877336332,1183961
development,positive,274640,0.23196710026766085,1183961
evaluation,negative,65821,0.15841777178752797,415490
evaluation,neutral,255193,0.6141976942886712,415490
evaluation,positive,94476,0.2273845339238008,415490
overall,negative,264672,0.1654767792198698,1599451
overall,neutral,965663,0.6037465355300037,1599451
overall,positive,369116,0.23077668525012646,1599451
