dropped_episode,start,end,n,mean,ci_low,ci_high,p_two_sided,block_length,replications,seed,ci_excludes_zero
1,2020-01-28,2020-01-29,998,5.125990641693158e-06,1.918852121490366e-06,9.525724573962632e-06,0.014,20,4999,20260830,True
2,2020-02-25,2020-03-03,998,4.3917175031843824e-06,1.8035557325535038e-06,7.978034191698798e-06,0.0116,20,4999,20260831,True
3,2020-03-06,2020-03-25,998,3.584078878845811e-06,1.7597758329913848e-06,5.9203414830019e-06,0.0028,20,4999,20260832,True
4,2020-03-30,2020-04-03,998,4.980536966564468e-06,1.8213137291184554e-06,9.390089928876335e-06,0.0156,20,4999,20260833,True
5,2020-04-14,2020-04-20,998,5.107274930907655e-06,1.9442098823456818e-06,9.583826082931025e-06,0.0162,20,4999,20260834,True
6,2020-04-22,2020-04-23,998,5.12482590429771e-06,1.9701233632974917e-06,9.638982961414689e-06,0.0152,20,4999,20260835,True
7,2020-06-09,2020-06-15,998,4.684927751969086e-06,1.6609142477849007e-06,9.25594046810095e-06,0.0234,20,4999,20260836,True
8,2020-09-22,2020-09-23,998,5.126525223362429e-06,1.9972835716762285e-06,9.771138428400814e-06,0.0176,20,4999,20260837,True
9,2021-03-24,2021-03-26,998,5.0144616159022665e-06,1.7797929816814286e-06,9.666649719324821e-06,0.018,20,4999,20260838,True
10,2021-07-20,2021-07-21,998,5.12482590429771e-06,1.877453435762267e-06,9.635247840899525e-06,0.014,20,4999,20260839,True
11,2021-08-18,2021-08-23,998,4.91171264676527e-06,1.745961192312474e-06,9.421916334435583e-06,0.0198,20,4999,20260840,True
12,2021-10-05,2021-10-06,998,5.1223892298611615e-06,1.9543923813251447e-06,9.607012846465893e-06,0.0134,20,4999,20260841,True
13,2021-11-18,2021-11-19,998,5.12482590429771e-06,1.9525593552685685e-06,9.785917755273982e-06,0.0174,20,4999,20260842,True
14,2021-11-24,2021-12-08,998,4.526302197645051e-06,1.58813359113781e-06,9.051897666409675e-06,0.0252,20,4999,20260843,True
15,2021-12-21,2021-12-22,998,5.12482590429771e-06,1.9646371589256314e-06,9.745160607248344e-06,0.0168,20,4999,20260844,True
16,2022-01-06,2022-01-07,998,5.126078873261242e-06,1.9666301235437283e-06,9.750345899429758e-06,0.0166,20,4999,20260845,True
17,2022-01-25,2022-01-26,998,5.12511784637301e-06,2.0176557817037478e-06,9.62192873434584e-06,0.0142,20,4999,20260846,True
18,2022-02-25,2022-03-09,998,4.921043646137353e-06,1.722136457893872e-06,9.4084394857632e-06,0.0182,20,4999,20260847,True
19,2022-05-09,2022-05-16,998,5.010742892960319e-06,1.8187160335767863e-06,9.686325923466123e-06,0.017,20,4999,20260848,True
20,2022-05-19,2022-05-24,998,5.124636724741843e-06,1.960032615699889e-06,9.623241606511627e-06,0.015,20,4999,20260849,True
21,2022-06-03,2022-06-06,998,5.125848794632205e-06,1.8865466307380133e-06,9.619538555028062e-06,0.0162,20,4999,20260850,True
22,2022-06-17,2022-06-21,998,5.124997579828518e-06,1.9328510267475275e-06,9.501334734054984e-06,0.0132,20,4999,20260851,True
23,2022-07-15,2022-07-18,998,5.125161314286004e-06,1.954372331722468e-06,9.408436092388111e-06,0.0138,20,4999,20260852,True
24,2022-08-03,2022-08-15,998,5.067199606034362e-06,1.8450227998490183e-06,9.567580806079719e-06,0.016,20,4999,20260853,True
25,2022-09-02,2022-09-06,998,5.07560063387753e-06,1.809160539742949e-06,9.499307056565483e-06,0.0144,20,4999,20260854,True
26,2022-09-19,2022-09-22,998,4.976789364987082e-06,1.8309490508915968e-06,9.335395051546129e-06,0.0156,20,4999,20260855,True
27,2022-09-26,2022-10-03,998,5.060043574325361e-06,1.9544702191284807e-06,9.466262075856446e-06,0.013,20,4999,20260856,True
28,2022-10-20,2022-10-24,998,5.118045994384899e-06,1.973550838727031e-06,9.784426542021186e-06,0.017,20,4999,20260857,True
29,2022-10-28,2022-10-31,998,5.12482590429771e-06,1.966092485184467e-06,9.686188873561627e-06,0.0146,20,4999,20260858,True
30,2022-11-03,2022-11-08,998,5.1249504490131995e-06,2.035571118063555e-06,9.874482462744918e-06,0.0188,20,4999,20260859,True
31,2022-11-10,2022-11-11,998,5.12482590429771e-06,1.966896143045991e-06,9.651440984532693e-06,0.014,20,4999,20260860,True
32,2022-11-17,2022-11-21,998,5.113238784117146e-06,1.9456948279527035e-06,9.424771989609969e-06,0.0136,20,4999,20260861,True
33,2023-02-24,2023-02-28,998,5.1118634406414865e-06,1.9748803063209317e-06,9.577754895845614e-06,0.0168,20,4999,20260862,True
34,2023-03-14,2023-03-17,998,5.100328627420295e-06,1.8934264720059619e-06,9.608427226337358e-06,0.0152,20,4999,20260863,True
35,2023-04-26,2023-05-01,998,5.125091919761103e-06,1.970747757771457e-06,9.759551730023894e-06,0.0182,20,4999,20260864,True
36,2023-05-04,2023-05-08,998,5.125542102634983e-06,1.9975696957625414e-06,9.516746534984633e-06,0.0144,20,4999,20260865,True
37,2023-05-10,2023-05-11,998,5.113783348549825e-06,1.910305831247652e-06,9.656000796475328e-06,0.0164,20,4999,20260866,True
38,2023-08-03,2023-08-14,998,5.02488118994731e-06,1.8969270800946398e-06,9.804638743861903e-06,0.0206,20,4999,20260867,True
39,2023-08-16,2023-08-18,998,4.890297066954735e-06,1.802862168671722e-06,9.426811206277144e-06,0.02,20,4999,20260868,True
40,2023-08-25,2023-08-28,998,5.12482590429771e-06,2.0063826944498885e-06,9.639760387004303e-06,0.0146,20,4999,20260869,True
41,2023-09-06,2023-09-11,998,5.0635913765792004e-06,1.9375761450752056e-06,9.547127828362084e-06,0.0152,20,4999,20260870,True
42,2023-09-22,2023-09-28,998,5.086146674269371e-06,1.8947733423950116e-06,9.537458205321105e-06,0.0142,20,4999,20260871,True
43,2023-10-12,2023-10-16,998,5.114243603465204e-06,2.0041798615368058e-06,9.580722913934035e-06,0.0146,20,4999,20260872,True
44,2023-10-19,2023-10-25,998,4.942549538833208e-06,1.7666285920143103e-06,9.432144529032479e-06,0.0178,20,4999,20260873,True
