year,stories,already_known_share,market_recap_share
2011,65310,0.114637880875823,0.06438523962639718
2012,89884,0.09680254550309288,0.06759823772862801
2013,92956,0.10722277206420242,0.09009638968974569
2014,103212,0.09587063519745766,0.14002247800643336
2015,139175,0.08018681516076881,0.09656188252200468
2016,151934,0.07739544802348389,0.08672844787868417
2017,154896,0.08529594050201425,0.0885368247081913
2018,198619,0.10094200454135807,0.12118176005316712
2019,187975,0.10497672562840803,0.09863545684266525
