family,test,estimate,standard_error,unit,family_size,mde80_nominal,mde80_first_bh,reference_effect_magnitude,nominal_mde_multiple_of_reference,source_artifact,source_sha256,se_method
LSEG conditional transfer,FinBERT backward,-0.0286113925597711,0.0225590117569947,rank coefficient,2,0.06320099387363301,0.06954997378730775,0.0083100529904707,7.605365928003928,experiments/generated/71_conditional_negative_share_transfer/conditional_coefficients.csv,d78b9b1b4f3c22d018b91f2813f195b9100d8de818930f0d709aca4fc69ca14f,HAC(5) standard error of the daily coefficient mean
LSEG conditional transfer,FinBERT recent,-0.0157273571257661,0.0402083698468945,rank coefficient,2,0.11264717460747882,0.12396336767787715,0.0083100529904707,13.555530239897811,experiments/generated/71_conditional_negative_share_transfer/conditional_coefficients.csv,d78b9b1b4f3c22d018b91f2813f195b9100d8de818930f0d709aca4fc69ca14f,HAC(5) standard error of the daily coefficient mean
Story-type conditioning,earnings_guidance,3.908222270389,2.367548485514,bps per unit negative share,12,6.632888840181767,8.776221615262216,,,experiments/generated/08_story_type/development_type_interactions.csv,e297533ad54a45c9c8faeb99e00b7083cf53de62f10449dc7dbcdea31db2efe3,session-date clustered standard error
Story-type conditioning,analyst_rating,3.212748937762,3.2399371011939997,bps per unit negative share,12,9.07695989032089,12.010062811201779,,,experiments/generated/08_story_type/development_type_interactions.csv,e297533ad54a45c9c8faeb99e00b7083cf53de62f10449dc7dbcdea31db2efe3,session-date clustered standard error
Story-type conditioning,mna_strategy,2.425717191441,7.3895485244509995,bps per unit negative share,12,20.702449914630417,27.392180512508617,,,experiments/generated/08_story_type/development_type_interactions.csv,e297533ad54a45c9c8faeb99e00b7083cf53de62f10449dc7dbcdea31db2efe3,session-date clustered standard error
Story-type conditioning,legal_regulatory,5.659170378752,8.38005099892,bps per unit negative share,12,23.477427005607087,31.063855783191958,,,experiments/generated/08_story_type/development_type_interactions.csv,e297533ad54a45c9c8faeb99e00b7083cf53de62f10449dc7dbcdea31db2efe3,session-date clustered standard error
Story-type conditioning,product_technology,-7.980118642719,6.529810413363,bps per unit negative share,12,18.293820331157914,24.205233237653918,,,experiments/generated/08_story_type/development_type_interactions.csv,e297533ad54a45c9c8faeb99e00b7083cf53de62f10449dc7dbcdea31db2efe3,session-date clustered standard error
Story-type conditioning,management_governance,1.24290193296,9.64061773423,bps per unit negative share,12,27.00901213769651,35.73662725866455,,,experiments/generated/08_story_type/development_type_interactions.csv,e297533ad54a45c9c8faeb99e00b7083cf53de62f10449dc7dbcdea31db2efe3,session-date clustered standard error
Story-type conditioning,macro_sector,2.0593972430039997,2.5397528818270003,bps per unit negative share,12,7.115334131386336,9.41456290136991,,,experiments/generated/08_story_type/development_type_interactions.csv,e297533ad54a45c9c8faeb99e00b7083cf53de62f10449dc7dbcdea31db2efe3,session-date clustered standard error
Story-type conditioning,commodity_rates_fx,15.925031153746,6.892625421028,bps per unit negative share,12,19.31027749354172,25.550145467368953,,,experiments/generated/08_story_type/development_type_interactions.csv,e297533ad54a45c9c8faeb99e00b7083cf53de62f10449dc7dbcdea31db2efe3,session-date clustered standard error
Story-type conditioning,labor_esg,-3.961989288105,20.659935913349,bps per unit negative share,12,57.8805710619998,76.58393365207111,,,experiments/generated/08_story_type/development_type_interactions.csv,e297533ad54a45c9c8faeb99e00b7083cf53de62f10449dc7dbcdea31db2efe3,session-date clustered standard error
Story-type conditioning,market_price_technical,5.414639671044,4.2630168961,bps per unit negative share,12,11.943205120679588,15.802498347423866,,,experiments/generated/08_story_type/development_type_interactions.csv,e297533ad54a45c9c8faeb99e00b7083cf53de62f10449dc7dbcdea31db2efe3,session-date clustered standard error
Story-type conditioning,generic_low_information,-20.723329131009002,21.356589998979,bps per unit negative share,12,59.83230685043882,79.16634777455924,,,experiments/generated/08_story_type/development_type_interactions.csv,e297533ad54a45c9c8faeb99e00b7083cf53de62f10449dc7dbcdea31db2efe3,session-date clustered standard error
Story-type conditioning,other,-0.44770211583759345,1.9981170628549998,bps per unit negative share,12,5.5978952273538685,7.4067831193941585,,,experiments/generated/08_story_type/development_type_interactions.csv,e297533ad54a45c9c8faeb99e00b7083cf53de62f10449dc7dbcdea31db2efe3,session-date clustered standard error
Earnings-window conditioning,pre,7.772049741626,5.53946301805,bps interaction vs outside,3,15.519277707652332,17.92349226563616,,,experiments/generated/09_earnings/development_earnings_interactions.csv,10219dd653a7b8b90cb33b5d55083ecf769a6a85946aeb14553e2e59b0c1c1a1,session-date clustered standard error
Earnings-window conditioning,event,2.412803220752,14.006712357694,bps interaction vs outside,3,39.24099829567576,45.320132978971145,,,experiments/generated/09_earnings/development_earnings_interactions.csv,10219dd653a7b8b90cb33b5d55083ecf769a6a85946aeb14553e2e59b0c1c1a1,session-date clustered standard error
Earnings-window conditioning,post,-7.721212975515,3.6400901309,bps interaction vs outside,3,10.19802270332834,11.777879389177967,,,experiments/generated/09_earnings/development_earnings_interactions.csv,10219dd653a7b8b90cb33b5d55083ecf769a6a85946aeb14553e2e59b0c1c1a1,session-date clustered standard error
Publisher conditioning,all_source_mean,-0.0150772418304575,0.0176787967874638,daily cross-sectional IC,4,0.04952865575378161,0.05903527827742238,,,experiments/generated/15_lseg_gemma_publisher_conditioning/primary_4_arm_results.csv,f2c662ab9d917757701df7d3144d3291b6e96f815101dc61482ea90a02c948ad,daily-IC standard error
Publisher conditioning,reuters_only_mean,-0.021340060537345,0.0162378767191985,daily cross-sectional IC,4,0.045491795390047225,0.054223575409392086,,,experiments/generated/15_lseg_gemma_publisher_conditioning/primary_4_arm_results.csv,f2c662ab9d917757701df7d3144d3291b6e96f815101dc61482ea90a02c948ad,daily-IC standard error
Publisher conditioning,non_reuters_only_mean,-0.0129887726781494,0.0176837002985753,daily cross-sectional IC,4,0.049542393358028444,0.05905165270303992,,,experiments/generated/15_lseg_gemma_publisher_conditioning/primary_4_arm_results.csv,f2c662ab9d917757701df7d3144d3291b6e96f815101dc61482ea90a02c948ad,daily-IC standard error
Publisher conditioning,reuters_2x_mean,-0.0156701370487767,0.0174975743864396,daily cross-sectional IC,4,0.04902094575388128,0.058430117473597054,,,experiments/generated/15_lseg_gemma_publisher_conditioning/primary_4_arm_results.csv,f2c662ab9d917757701df7d3144d3291b6e96f815101dc61482ea90a02c948ad,daily-IC standard error
Learned trade/no-trade thresholds,logistic,-9.077530903105437,2.4567027482499975,net bps/session vs historical fixed band,3,6.882662104794698,7.948909950973245,,,experiments/generated/10_thresholds/evaluation_gate_comparison.csv,f52f1c1da776462b8dbcbe758dbda8acec20646c0c3f670e647807020c44a697,paired 20-session circular-block bootstrap after exact arm reproduction
Learned trade/no-trade thresholds,gradient_boosted,-16.886655362024975,1.6402586711708953,net bps/session vs historical fixed band,3,4.595324447034,5.307222651469793,,,experiments/generated/10_thresholds/evaluation_gate_comparison.csv,f52f1c1da776462b8dbcbe758dbda8acec20646c0c3f670e647807020c44a697,paired 20-session circular-block bootstrap after exact arm reproduction
Learned trade/no-trade thresholds,mlp,-7.718451174534876,3.5853475923578273,net bps/session vs historical fixed band,3,10.044656816546608,11.600754374900442,,,experiments/generated/10_thresholds/evaluation_gate_comparison.csv,f52f1c1da776462b8dbcbe758dbda8acec20646c0c3f670e647807020c44a697,paired 20-session circular-block bootstrap after exact arm reproduction
