year,n_sessions,estimate,ci_low,ci_high,p_two_sided,negative
2011,252,-0.003452964142773415,-0.024403676841784176,0.01749774855623735,0.7466733668034955,True
2012,250,-0.006064242106917582,-0.023263714452914308,0.011135230239079147,0.48953409241956836,True
2013,252,-0.0036802010535914257,-0.021176237232445848,0.013815835125262998,0.6801427628183236,True
2014,252,-0.02134475650653396,-0.04030163810717566,-0.0023878749058922587,0.02732468857373604,True
2015,252,-0.008312454106387219,-0.023659636842193757,0.007034728629419319,0.28843088290195185,True
2016,252,-0.01559896869764272,-0.03096027628416994,-0.00023766111111549887,0.04655928587058882,True
2017,251,-0.005131980021954371,-0.022656006904040397,0.012392046860131657,0.5659792090309317,True
2018,251,-0.01257664337712598,-0.028938755108055256,0.0037854683538032976,0.13193499886991134,True
2019,252,0.0013852374810272294,-0.01379776773872652,0.01656824270078098,0.8580795278797936,False
